<?xml version="1.0" encoding="UTF-8" standalone="no"?>
<Game>
    <MapID>22</MapID>
    <classep1>Swordman</classep1>
    <classep2>Berserker</classep2>
    <classep1LVL>4</classep1LVL>
    <classep2LVL>4</classep2LVL>
    <Player1Name>toto</Player1Name>
    <x>951</x>
    <y>382</y>
    <coeurVaillant>true</coeurVaillant>
    <LeveledUpForet5>false</LeveledUpForet5>
    <Foret7Battle>true</Foret7Battle>
    <Foret6Battle>true</Foret6Battle>
    <Foret5Battle>true</Foret5Battle>
    <Chest1Map7>false</Chest1Map7>
    <Chest2Map7>false</Chest2Map7>
    <Chest1Map4>false</Chest1Map4>
    <Chest1Map8>false</Chest1Map8>
</Game>
