<?xml version="1.0" encoding="UTF-8" standalone="no"?>
<Game>
    <MapID>11</MapID>
    <classep1>Swordman</classep1>
    <classep2>Berserker</classep2>
    <classep1LVL>1</classep1LVL>
    <classep2LVL>1</classep2LVL>
    <Player1Name>N7</Player1Name>
    <x>375</x>
    <y>280</y>
    <coeurVaillant>false</coeurVaillant>
    <LeveledUpForet5>false</LeveledUpForet5>
    <Foret7Battle>true</Foret7Battle>
    <Foret6Battle>true</Foret6Battle>
    <Foret5Battle>true</Foret5Battle>
</Game>
